{"schemaVersion":"1.0","appDefinitionTemplate":{"id":"/providers/Microsoft.PowerApps/apps/","type":"Microsoft.PowerApps/apps","tags":{"primaryDeviceWidth":"1366","primaryDeviceHeight":"768","sienaVersion":"20200831T005109Z-3.20082.25.0","deviceCapabilities":"","supportsPortrait":"false","supportsLandscape":"true","primaryFormFactor":"Tablet","publisherVersion":"3.20082.25","minimumRequiredApiVersion":"2.2.0","hasComponent":"false","hasUnlockedComponent":"false","isUnifiedRootApp":"false"},"properties":{"appVersion":"2020-08-31T00:51:09Z","lifeCycleId":"Published","createdByClientVersion":{"major":3,"minor":20082,"build":25,"revision":0,"majorRevision":0,"minorRevision":0},"minClientVersion":{"major":3,"minor":20082,"build":25,"revision":0,"majorRevision":0,"minorRevision":0},"backgroundColor":"rgba(104, 101, 171, 1)","backgroundImageUri":"/6945746934957281481/N16686a3e-4035-4c39-b9a5-91a7989733fd-logoSmallFile","displayName":"Meeting Scheduler App","description":"","commitMessage":"","appUris":{"documentUri":{"value":"/6945746934957281481/N2ed1a53b-7565-476b-a88e-1d2d201cb30e-document.msapp","readonlyValue":"/6945746934957281481/N2ed1a53b-7565-476b-a88e-1d2d201cb30e-document.msapp"},"imageUris":[]},"createdTime":"0001-01-01T00:00:00Z","lastModifiedTime":"0001-01-01T00:00:00Z","sharedGroupsCount":0,"sharedUsersCount":0,"icons":{"smallIconUri":"/6945746934957281481/Nd710018a-6913-4294-aaa1-de7edc33074e-small.png","mediumIconUri":"/6945746934957281481/Nf91faff0-ca3f-4db6-982b-9e0ca671abee-medium.png","largeIconUri":"/6945746934957281481/N3b02fb21-9a20-4644-98dd-b4a5f3742518-large.png","wideIconUri":"/6945746934957281481/N0df232c6-f690-46cf-bd10-b55efdec9cbe-wide.png"},"connectionReferences":{"6ae8a584-d0fd-4312-8bcd-92bf98825113":{"id":"c60113af-9f42-4788-9119-3927e6182716","displayName":"Office 365 Users","iconUri":"https://connectoricons-prod.azureedge.net/releases/v1.0.1385/1.0.1385.2110/office365users/icon.png","dataSources":["Office365Users"],"dependencies":[],"dependents":[],"parameterHints":{},"isOnPremiseConnection":false,"bypassConsent":false,"dataSets":{},"apiTier":"Standard","isCustomApiConnection":false},"84404f31-80e7-466c-87c3-f58d2aab4f0b":{"id":"eae64c01-beb3-4c3f-b80d-e018b370b71e","displayName":"Logic flows","iconUri":"https://resourcestackdeploy.blob.core.windows.net/scripts/13276078.png","dataSources":["FindMeetingTimesfromPowerApps"],"dependencies":["c8c3bfc4-33fc-4e3f-9623-a4cf95d51855"],"dependents":[],"parameterHints":{"workflowName":{"value":"f7f1ac72-71a6-44a9-ae77-b463751599b8"},"c8c3bfc4-33fc-4e3f-9623-a4cf95d51855":{"value":"shared_meeting-20scheduler-5fc08e8fee29497f57-5ff9717dc137520ca9"}},"isOnPremiseConnection":false,"bypassConsent":false,"dataSets":{},"apiTier":"Standard","isCustomApiConnection":false},"c8c3bfc4-33fc-4e3f-9623-a4cf95d51855":{"id":"b61ad74a-eeb7-49c5-a0ea-0232ef44fc7e","displayName":"Meeting Scheduler","iconUri":"https://prodapiicons.cdn.powerappscdn.net/20200830t000000zfbd0eaac0822415eb1b468dde3c7ca8e/customconnectoricon.png","dataSources":[],"dependencies":[],"dependents":["84404f31-80e7-466c-87c3-f58d2aab4f0b","596f7004-78a1-48ce-9323-e6d60f54da8d"],"parameterHints":{},"isOnPremiseConnection":false,"bypassConsent":false,"dataSets":{},"apiTier":"Standard","isCustomApiConnection":true},"596f7004-78a1-48ce-9323-e6d60f54da8d":{"id":"eae64c01-beb3-4c3f-b80d-e018b370b71e","displayName":"Logic flows","iconUri":"https://resourcestackdeploy.blob.core.windows.net/scripts/13276078.png","dataSources":["ScheduleOnlineMeeting"],"dependencies":["c8c3bfc4-33fc-4e3f-9623-a4cf95d51855","90f9ba89-1f8a-40e2-81e8-db945194cc8c"],"dependents":[],"parameterHints":{"workflowName":{"value":"d9389af4-4038-44ba-9584-867b7f634745"},"c8c3bfc4-33fc-4e3f-9623-a4cf95d51855":{"value":"shared_meeting-20scheduler-5fd466b2cecdf359e7-5ff9717dc137520ca9"},"90f9ba89-1f8a-40e2-81e8-db945194cc8c":{"value":"shared_sharepointonline"}},"isOnPremiseConnection":false,"bypassConsent":false,"dataSets":{},"apiTier":"Standard","isCustomApiConnection":false},"90f9ba89-1f8a-40e2-81e8-db945194cc8c":{"id":"2fa50f2a-d9cb-486c-a7ce-f5e200c55eef","displayName":"SharePoint","iconUri":"https://connectoricons-prod.azureedge.net/releases/v1.0.1385/1.0.1385.2110/sharepointonline/icon.png","dataSources":["Scheduled Meetings"],"dependencies":[],"dependents":["596f7004-78a1-48ce-9323-e6d60f54da8d"],"parameterHints":{},"isOnPremiseConnection":false,"bypassConsent":false,"dataSets":{"https://m365x693159.sharepoint.com/sites/ScheduledMeetingsSite":{"dataSources":{"Scheduled Meetings":{"tableName":"038edbc6-07b9-464c-8524-e57f7e3be3f1"}}}},"apiTier":"Standard","isCustomApiConnection":false}},"databaseReferences":{},"almMode":"Environment","performanceOptimizationEnabled":true,"canConsumeAppPass":true},"isAppComponentLibrary":false,"appType":"ClassicCanvasApp","appComponents":[]}}