{"name":"275d62c6-582a-4da0-9d27-255bbc601bf5","id":"/providers/Microsoft.Flow/flows/275d62c6-582a-4da0-9d27-255bbc601bf5","type":"Microsoft.Flow/flows","properties":{"apiId":"/providers/Microsoft.PowerApps/apis/shared_logicflows","displayName":"Schedule Online Meeting","definition":{"metadata":{"workflowEntityId":null,"flowclientsuspensionreason":"None","flowclientsuspensiontime":null,"creator":{"id":"50067c6e-edca-40a5-b7aa-163666f8448c","type":"User","tenantId":"dad570e1-1037-4136-8f28-a0d2abdfcaf7"},"provisioningMethod":"FromDefinition","failureAlertSubscription":true,"clientLastModifiedTime":"2020-08-30T19:47:38.4681841Z"},"$schema":"https://schema.management.azure.com/providers/Microsoft.Logic/schemas/2016-06-01/workflowdefinition.json#","contentVersion":"1.0.0.0","parameters":{"$connections":{"defaultValue":{},"type":"Object"},"$authentication":{"defaultValue":{},"type":"SecureObject"}},"triggers":{"manual":{"type":"Request","kind":"PowerApp","inputs":{"schema":{"type":"object","properties":{"subject_Value":{"type":"string","description":"Enter initial value","x-ms-powerflows-param-ispartial":false},"startdatetime_Value":{"type":"string","description":"Enter initial value","x-ms-powerflows-param-ispartial":false},"enddatetime_Value":{"type":"string","description":"Enter initial value","x-ms-powerflows-param-ispartial":false},"location_Value":{"type":"string","description":"Enter initial value","x-ms-powerflows-param-ispartial":false},"attendeeMail_Value":{"type":"string","description":"Enter initial value","x-ms-powerflows-param-ispartial":false},"attendeeName_Value":{"type":"string","description":"Enter initial value","x-ms-powerflows-param-ispartial":false},"content_Value":{"type":"string","description":"Enter initial value","x-ms-powerflows-param-ispartial":false},"timezone_Value":{"type":"string","description":"Enter initial value","x-ms-powerflows-param-ispartial":false}},"required":["subject_Value","startdatetime_Value","enddatetime_Value","location_Value","attendeeMail_Value","attendeeName_Value","content_Value","timezone_Value"]}}}},"actions":{"subject":{"runAfter":{},"type":"InitializeVariable","inputs":{"variables":[{"name":"subject","type":"string","value":"@{triggerBody()['subject_Value']}"}]}},"startdatetime":{"runAfter":{"content":["Succeeded"]},"type":"InitializeVariable","inputs":{"variables":[{"name":"startdatetime","type":"string","value":"@{triggerBody()['startdatetime_Value']}"}]}},"enddatetime":{"runAfter":{"startdatetime":["Succeeded"]},"type":"InitializeVariable","inputs":{"variables":[{"name":"enddatetime","type":"string","value":"@{triggerBody()['enddatetime_Value']}"}]}},"location":{"runAfter":{"timezone":["Succeeded"]},"type":"InitializeVariable","inputs":{"variables":[{"name":"location","type":"string","value":"@{triggerBody()['location_Value']}"}]}},"attendeeMail":{"runAfter":{"location":["Succeeded"]},"type":"InitializeVariable","inputs":{"variables":[{"name":"attendeeMail","type":"string","value":"@{triggerBody()['attendeeMail_Value']}"}]}},"attendeeName":{"runAfter":{"attendeeMail":["Succeeded"]},"type":"InitializeVariable","inputs":{"variables":[{"name":"attendeeName","type":"string","value":"@{triggerBody()['attendeeName_Value']}"}]}},"onlineMeetingProvider":{"runAfter":{"attendeeName":["Succeeded"]},"type":"InitializeVariable","inputs":{"variables":[{"name":"onlineMeetingProvider","type":"string","value":"teamsForBusiness"}]}},"Schedule_Meeting":{"runAfter":{"onlineMeetingProvider":["Succeeded"]},"type":"OpenApiConnection","inputs":{"host":{"apiId":"/providers/Microsoft.PowerApps/apis/shared_meeting-20scheduler-5fd466b2cecdf359e7-5ff9717dc137520ca9","connectionName":"shared_meeting-20scheduler-5fd466b2cecdf359e7-5ff9717dc137520ca9","operationId":"ScheduleMeeting"},"parameters":{"Content-type":"application/json","body/subject":"@variables('subject')","body/body/contentType":"HTML","body/body/content":"@variables('content')","body/start/dateTime":"@variables('startdatetime')","body/start/timeZone":"@variables('timezone')","body/end/dateTime":"@variables('enddatetime')","body/end/timeZone":"@variables('timezone')","body/attendees":[{"emailAddress/address":"@variables('attendeeMail')","emailAddress/name":"@variables('attendeeName')","type":"required"}],"body/isOnlineMeeting":true,"body/onlineMeetingProvider":"@variables('onlineMeetingProvider')"},"authentication":{"value":"@json(decodeBase64(triggerOutputs().headers['X-MS-APIM-Tokens']))['$ConnectionKey']","type":"Raw"}}},"content":{"runAfter":{"subject":["Succeeded"]},"type":"InitializeVariable","inputs":{"variables":[{"name":"content","type":"string","value":"@{triggerBody()['content_Value']}"}]}},"timezone":{"runAfter":{"enddatetime":["Succeeded"]},"type":"InitializeVariable","inputs":{"variables":[{"name":"timezone","type":"string","value":"@{triggerBody()['timezone_Value']}"}]}},"Record_Scheduled_Meeting":{"runAfter":{"Schedule_Meeting":["Succeeded"]},"type":"OpenApiConnection","inputs":{"host":{"apiId":"/providers/Microsoft.PowerApps/apis/shared_sharepointonline","connectionName":"shared_sharepointonline","operationId":"PostItem"},"parameters":{"dataset":"https://m365x693159.sharepoint.com/sites/ScheduledMeetingsSite","table":"038edbc6-07b9-464c-8524-e57f7e3be3f1","item/Title":"@{outputs('Schedule_Meeting')?['body/subject']} - @{variables('attendeeMail')}","item/subject":"@outputs('Schedule_Meeting')?['body/subject']","item/weblink":"@outputs('Schedule_Meeting')?['body/webLink']","item/joinurl":"@outputs('Schedule_Meeting')?['body/onlineMeeting/joinUrl']","item/conferenceId":"@outputs('Schedule_Meeting')?['body/onlineMeeting/conferenceId']","item/tollNumber":"@outputs('Schedule_Meeting')?['body/onlineMeeting/tollNumber']","item/startTime":"@outputs('Schedule_Meeting')?['body/start/dateTime']","item/endTime":"@outputs('Schedule_Meeting')?['body/end/dateTime']","item/iCalUId":"@outputs('Schedule_Meeting')?['body/iCalUId']","item/callId":"@outputs('Schedule_Meeting')?['body/id']","item/bodyHTML":"@outputs('Schedule_Meeting')?['body/body/content']","item/attendeeName":"@variables('attendeeName')","item/attendeeMail":"@variables('attendeeMail')"},"authentication":{"value":"@json(decodeBase64(triggerOutputs().headers['X-MS-APIM-Tokens']))['$ConnectionKey']","type":"Raw"}}}},"outputs":{}},"connectionReferences":{"shared_meeting-20scheduler-5fd466b2cecdf359e7-5ff9717dc137520ca9":{"connectionName":"e7dd5a40faed4da4934d5d0d73ace093","source":"Invoker","id":"/providers/Microsoft.PowerApps/apis/shared_meeting-20scheduler-5fd466b2cecdf359e7-5ff9717dc137520ca9","tier":"NotSpecified"},"shared_sharepointonline":{"connectionName":"1e789cbff7fd48ed95c1e5943376d918","source":"Invoker","id":"/providers/Microsoft.PowerApps/apis/shared_sharepointonline","tier":"NotSpecified"}},"flowFailureAlertSubscribed":false}}