{"name":"b1a832ec-eb43-4c03-8970-5775806c2d0d","id":"/providers/Microsoft.Flow/flows/b1a832ec-eb43-4c03-8970-5775806c2d0d","type":"Microsoft.Flow/flows","properties":{"apiId":"/providers/Microsoft.PowerApps/apis/shared_logicflows","displayName":"Find Meeting Times from PowerApps","definition":{"metadata":{"workflowEntityId":null,"flowclientsuspensionreason":"None","flowclientsuspensiontime":null,"creator":{"id":"50067c6e-edca-40a5-b7aa-163666f8448c","type":"User","tenantId":"dad570e1-1037-4136-8f28-a0d2abdfcaf7"},"provisioningMethod":"FromDefinition","failureAlertSubscription":true,"clientLastModifiedTime":"2020-08-30T16:33:36.8134459Z"},"$schema":"https://schema.management.azure.com/providers/Microsoft.Logic/schemas/2016-06-01/workflowdefinition.json#","contentVersion":"1.0.0.0","parameters":{"$connections":{"defaultValue":{},"type":"Object"},"$authentication":{"defaultValue":{},"type":"SecureObject"}},"triggers":{"manual":{"type":"Request","kind":"PowerApp","inputs":{"schema":{"type":"object","properties":{"contenttype_Value":{"type":"string","description":"Enter initial value","x-ms-powerflows-param-ispartial":false},"attendeeEmail_Value":{"type":"string","description":"Enter initial value","x-ms-powerflows-param-ispartial":false},"attendeeName_Value":{"type":"string","description":"Enter initial value","x-ms-powerflows-param-ispartial":false},"startTime_Value":{"type":"string","description":"Enter initial value","x-ms-powerflows-param-ispartial":false},"endTime_Value":{"type":"string","description":"Enter initial value","x-ms-powerflows-param-ispartial":false},"timezone_Value":{"type":"string","description":"Enter initial value","x-ms-powerflows-param-ispartial":false},"minimunpercentage_Value":{"type":"integer","description":"Enter initial value","x-ms-powerflows-param-ispartial":false},"meetingDuration_Value":{"type":"string","description":"Enter initial value","x-ms-powerflows-param-ispartial":false},"locationName_Value":{"type":"string","description":"Enter initial value","x-ms-powerflows-param-ispartial":false}},"required":["contenttype_Value","attendeeEmail_Value","attendeeName_Value","startTime_Value","endTime_Value","timezone_Value","minimunpercentage_Value","meetingDuration_Value","locationName_Value"]}}}},"actions":{"attendeeEmail":{"runAfter":{"attendeetype":["Succeeded"]},"type":"InitializeVariable","inputs":{"variables":[{"name":"attendeeEmail","type":"string","value":"@{triggerBody()['attendeeEmail_Value']}"}]}},"attendeeName":{"runAfter":{"attendeeEmail":["Succeeded"]},"type":"InitializeVariable","inputs":{"variables":[{"name":"attendeeName","type":"string","value":"@{triggerBody()['attendeeName_Value']}"}]}},"Find_Meeting_Times":{"runAfter":{"locationName":["Succeeded"]},"type":"OpenApiConnection","inputs":{"host":{"apiId":"/providers/Microsoft.PowerApps/apis/shared_meeting-20scheduler-5fd466b2cecdf359e7-5ff9717dc137520ca9","connectionName":"shared_meeting-20scheduler-5fc08e8fee29497f57-5ff9717dc137520ca9","operationId":"FindMeetingTimes"},"parameters":{"Prefer":"@variables('prefer')","Content-Type":"@variables('contenttype')","body/attendees":[{"type":"@variables('attendeetype')","emailAddress/name":"@variables('attendeeName')","emailAddress/address":"@variables('attendeeEmail')"}],"body/locationConstraint/isRequired":"false","body/locationConstraint/suggestLocation":"false","body/locationConstraint/locations":[{"resolveAvailability":"false","displayName":"@variables('locationName')"}],"body/timeConstraint/activityDomain":"work","body/timeConstraint/timeSlots":[{"start/dateTime":"@variables('startTime')","start/timeZone":"@variables('timezone')","end/dateTime":"@variables('endTime')","end/timeZone":"@variables('timezone')"}],"body/isOrganizerOptional":"false","body/meetingDuration":"@variables('meetingDuration')","body/returnSuggestionReasons":"true","body/minimumAttendeePercentage":"@variables('minimunpercentage')"},"authentication":{"value":"@json(decodeBase64(triggerOutputs().headers['X-MS-APIM-Tokens']))['$ConnectionKey']","type":"Raw"}}},"prefer":{"runAfter":{},"type":"InitializeVariable","inputs":{"variables":[{"name":"prefer","type":"string","value":"outlook.timezone=\"Pacific Standard Time\""}]}},"contenttype":{"runAfter":{"prefer":["Succeeded"]},"type":"InitializeVariable","inputs":{"variables":[{"name":"contenttype","type":"string","value":"@{triggerBody()['contenttype_Value']}"}]}},"attendeetype":{"runAfter":{"contenttype":["Succeeded"]},"type":"InitializeVariable","inputs":{"variables":[{"name":"attendeetype","type":"string","value":"required"}]}},"startTime":{"runAfter":{"attendeeName":["Succeeded"]},"type":"InitializeVariable","inputs":{"variables":[{"name":"startTime","type":"string","value":"@{triggerBody()['startTime_Value']}"}]}},"endTime":{"runAfter":{"startTime":["Succeeded"]},"type":"InitializeVariable","inputs":{"variables":[{"name":"endTime","type":"string","value":"@{triggerBody()['endTime_Value']}"}]}},"timezone":{"runAfter":{"endTime":["Succeeded"]},"type":"InitializeVariable","inputs":{"variables":[{"name":"timezone","type":"string","value":"@{triggerBody()['timezone_Value']}"}]}},"minimunpercentage":{"runAfter":{"timezone":["Succeeded"]},"type":"InitializeVariable","inputs":{"variables":[{"name":"minimunpercentage","type":"integer","value":"@triggerBody()['minimunpercentage_Value']"}]}},"meetingDuration":{"runAfter":{"minimunpercentage":["Succeeded"]},"type":"InitializeVariable","inputs":{"variables":[{"name":"meetingDuration","type":"string","value":"@{triggerBody()['meetingDuration_Value']}"}]}},"locationName":{"runAfter":{"meetingDuration":["Succeeded"]},"type":"InitializeVariable","inputs":{"variables":[{"name":"locationName","type":"string","value":"@{triggerBody()['locationName_Value']}"}]}},"Response":{"runAfter":{"Find_Meeting_Times":["Succeeded"]},"type":"Response","kind":"Http","inputs":{"statusCode":200,"body":"@outputs('Find_Meeting_Times')?['body']","schema":{"type":"object","properties":{"@@odata.context":{"type":"string"},"emptySuggestionsReason":{"type":"string"},"meetingTimeSuggestions":{"type":"array","items":{"type":"object","properties":{"confidence":{"type":"integer"},"order":{"type":"integer"},"organizerAvailability":{"type":"string"},"suggestionReason":{"type":"string"},"attendeeAvailability":{"type":"array","items":{"type":"object","properties":{"availability":{"type":"string"},"attendee":{"type":"object","properties":{"emailAddress":{"type":"object","properties":{"address":{"type":"string"}}}}}},"required":["availability","attendee"]}},"locations":{"type":"array","items":{"type":"object","properties":{"displayName":{"type":"string"}},"required":["displayName"]}},"meetingTimeSlot":{"type":"object","properties":{"start":{"type":"object","properties":{"dateTime":{"type":"string"},"timeZone":{"type":"string"}}},"end":{"type":"object","properties":{"dateTime":{"type":"string"},"timeZone":{"type":"string"}}}}}},"required":["confidence","order","organizerAvailability","suggestionReason","attendeeAvailability","locations","meetingTimeSlot"]}}}}}}},"outputs":{}},"connectionReferences":{"shared_meeting-20scheduler-5fc08e8fee29497f57-5ff9717dc137520ca9":{"connectionName":"e7dd5a40faed4da4934d5d0d73ace093","source":"Invoker","id":"/providers/Microsoft.PowerApps/apis/shared_meeting-20scheduler-5fd466b2cecdf359e7-5ff9717dc137520ca9","tier":"NotSpecified"}},"flowFailureAlertSubscribed":false}}